"username","password","email","creation_date","name"
"Devyn21","TL7RY9fmECg0Krl","Devyn.Macejkovic36@hotmail.com","2017-11-23T12:45:17.587Z","Devyn Macejkovic"
"Hattie_Hoeger","iD2NsGPJ1Hn3vSy","Hattie.Hoeger@hotmail.com","2016-07-17T16:24:42.608Z","Hattie Hoeger"
"Verner_Thompson","PbQbpf0LHDbmaDq","Verner_Thompson96@gmail.com","2018-03-17T08:05:39.577Z","Verner Thompson"
"Amina.Prohaska","ahpTZVpf9rZztOA","Amina.Prohaska1@yahoo.com","2017-04-13T05:29:58.929Z","Amina Prohaska"
"Noel_Towne19","iLw0UwltcrR1eML","Noel.Towne88@yahoo.com","2016-12-30T04:20:42.905Z","Noel Towne"
"Jaylon_Kulas","lbBwDdYvNH4M_vM","Jaylon23@yahoo.com","2018-06-10T06:34:20.279Z","Jaylon Kulas"
"Ubaldo.Legros","hP7IDFQl5aV_7df","Ubaldo.Legros61@yahoo.com","2018-12-12T17:43:51.798Z","Ubaldo Legros"
"Gwendolyn.Hilll99","bFhc6B6FBOO3Aws","Gwendolyn_Hilll@hotmail.com","2018-10-10T01:31:37.228Z","Gwendolyn Hilll"
"Ava72","97AaqNyLX62o2AJ","Ava27@gmail.com","2017-06-04T02:20:49.363Z","Ava White"
"Ansel_Beer","A_miqAfjVlX01Bq","Ansel60@hotmail.com","2017-02-15T11:12:51.311Z","Ansel Beer"
"Pansy_Maggio","vU3oVYLpacGUvwv","Pansy4@hotmail.com","2017-03-12T22:47:33.510Z","Pansy Maggio"
"Oma.Kub67","I4RvKAP_KQUd0fw","Oma_Kub@yahoo.com","2017-11-14T00:34:32.807Z","Oma Kub"
"Koby.Pfeffer70","qZEzSkIcg3y5G_d","Koby_Pfeffer15@gmail.com","2016-10-30T23:45:40.274Z","Koby Pfeffer"
"Llewellyn_Lockman","rJpnZorSfe1eckL","Llewellyn65@hotmail.com","2018-06-13T09:33:34.656Z","Llewellyn Lockman"
"Cielo_Predovic99","wsbChnfxd3s0voI","Cielo.Predovic20@yahoo.com","2017-06-08T15:36:18.346Z","Cielo Predovic"
"Carolanne9","XbAWioJg6aPDFAQ","Carolanne.Batz90@gmail.com","2017-05-24T04:46:20.393Z","Carolanne Batz"
"Jacey_McLaughlin","mFEgsH5GWcePwng","Jacey_McLaughlin84@yahoo.com","2017-05-28T03:52:07.898Z","Jacey McLaughlin"
"Nels_Stokes64","mo6pb6m_R2_owL8","Nels_Stokes@gmail.com","2017-07-18T15:02:38.164Z","Nels Stokes"
"Justus55","Ghh6kqBoU4bfjMg","Justus_Ferry@yahoo.com","2017-04-29T18:31:58.620Z","Justus Ferry"
"Katarina_Predovic","BR5328TTDUIfhDK","Katarina_Predovic12@gmail.com","2017-04-05T11:50:07.491Z","Katarina Predovic"
"Florencio.Shanahan83","13ACX2MkEE9oaah","Florencio_Shanahan@gmail.com","2017-01-26T03:23:23.127Z","Florencio Shanahan"
"Antonette90","yL49uyTZ0VQHApn","Antonette74@yahoo.com","2018-08-02T18:36:37.596Z","Antonette Baumbach"
"Dejuan32","T6H07XU2ZrZhi65","Dejuan.Lynch66@yahoo.com","2016-07-03T07:14:35.382Z","Dejuan Lynch"
"Alverta.Barton","DuAg3RdS8x_VJcJ","Alverta68@hotmail.com","2018-06-23T14:32:38.183Z","Alverta Barton"
"Johann11","xdREyCzCwZENtPp","Johann_Stroman@hotmail.com","2018-02-23T14:18:18.813Z","Johann Stroman"
"Chase.Marks","H6PrL2DVesD4m1w","Chase_Marks@hotmail.com","2016-11-10T20:33:30.207Z","Chase Marks"
"Derick_Waters","qfGR93xWJxwFpwa","Derick.Waters@hotmail.com","2018-05-22T01:04:16.316Z","Derick Waters"
"Demond_Purdy54","g578b_xexh9TFBA","Demond8@gmail.com","2017-08-31T20:50:33.021Z","Demond Purdy"
"Westley_Murray83","XyYFad6sxbDZgtP","Westley_Murray@yahoo.com","2018-05-25T06:44:39.157Z","Westley Murray"
"Augustus_Cremin","fRhAPNaz8DkQsJs","Augustus59@hotmail.com","2017-02-02T16:10:05.725Z","Augustus Cremin"
"Francesca23","QgSmhsfcI5iVV5F","Francesca_Wuckert@gmail.com","2018-09-16T17:47:18.156Z","Francesca Wuckert"
"Guy_Daniel17","Rm0jEAyMDFmPpdb","Guy28@hotmail.com","2017-11-17T01:00:06.152Z","Guy Daniel"
"Nellie_Franecki","ZX8QNGSuW21b6jB","Nellie_Franecki56@hotmail.com","2017-03-31T16:50:34.405Z","Nellie Franecki"
"America.Fisher91","waS7Gq5nD7usVEG","America.Fisher@yahoo.com","2018-07-04T15:08:28.367Z","America Fisher"
"Jayde.Kozey","CFuLAyej8bVB1JH","Jayde96@yahoo.com","2018-12-15T02:48:52.151Z","Jayde Kozey"
"Brionna54","4y2YbwTWF9ZnpLo","Brionna2@hotmail.com","2018-04-19T20:28:32.210Z","Brionna Pfeffer"
"Shakira.McDermott62","pBG9aybW75tJ3Jt","Shakira30@hotmail.com","2017-10-15T05:36:43.113Z","Shakira McDermott"
"Perry_Lueilwitz","qoVRc7dzgNSxwlr","Perry_Lueilwitz69@hotmail.com","2016-06-25T11:19:48.977Z","Perry Lueilwitz"
"Gust87","B6F7WPOIxJeSf3u","Gust.Beier21@hotmail.com","2016-06-18T00:13:30.687Z","Gust Beier"
"August_Kiehn","1Q0LAEZZ4G0BCev","August_Kiehn@gmail.com","2018-12-28T09:54:02.986Z","August Kiehn"
"Jasper8","_2LkzAgrLkYdEXj","Jasper30@hotmail.com","2017-10-24T09:49:24.605Z","Jasper Kutch"
"Bruce.Murphy36","rMBAGj7Iu1iXdHr","Bruce_Murphy19@yahoo.com","2017-03-05T07:40:05.676Z","Bruce Murphy"
"Josiah_Walsh","zItR_9qhlsL9XMt","Josiah.Walsh@hotmail.com","2017-01-08T19:46:22.916Z","Josiah Walsh"
"Lura49","0esHSBt0IbQ3sXL","Lura63@gmail.com","2017-08-29T13:05:23.753Z","Lura Spencer"
"Evelyn.Runte87","_hQoAR_G6Pr28km","Evelyn.Runte@gmail.com","2017-04-29T12:28:22.364Z","Evelyn Runte"
"Rosario.Kris44","0UDt1ydnLq4wBmF","Rosario77@hotmail.com","2017-07-27T05:35:33.805Z","Rosario Kris"
"Dovie.Swift","KdgigY0KVYOphiI","Dovie_Swift75@yahoo.com","2018-08-02T21:59:30.977Z","Dovie Swift"
"Flo_Bins26","kWx7N2JPrUWLz_b","Flo_Bins32@yahoo.com","2018-03-06T01:10:04.929Z","Flo Bins"
"Camilla49","Dlf6n6TIPipnSMJ","Camilla_Ratke@gmail.com","2017-08-18T16:02:15.922Z","Camilla Ratke"
"Sidney_Kozey81","v70t4QKwpC9GjGx","Sidney.Kozey@hotmail.com","2018-04-27T00:15:47.132Z","Sidney Kozey"
"Novella_Reynolds6","MsadD9q5EtZ2kSP","Novella.Reynolds69@hotmail.com","2018-09-08T11:07:08.225Z","Novella Reynolds"
"Penelope_Stokes","0EskiLbCriRkQ8c","Penelope73@hotmail.com","2016-12-25T20:34:27.629Z","Penelope Stokes"
"Abbie.Dare","2QSN8O2Jj0KFwH9","Abbie_Dare@hotmail.com","2018-10-16T22:00:21.974Z","Abbie Dare"
"Forrest.Gulgowski","t198WN6fPFHQEGP","Forrest62@gmail.com","2016-06-06T19:51:17.919Z","Forrest Gulgowski"
"Andre32","4IgUAIvBLqS7Pbh","Andre53@gmail.com","2018-10-21T15:35:18.786Z","Andre Schulist"
"Hilda_Kassulke10","2s4GjXOgr9tfxC6","Hilda82@gmail.com","2018-03-13T07:44:44.896Z","Hilda Kassulke"
"Mitchel79","2MscAWYM37pjtbd","Mitchel_Strosin@hotmail.com","2019-01-23T17:36:04.301Z","Mitchel Strosin"
"Madisen_Kohler55","iLG1YjFA7Unap_l","Madisen.Kohler56@hotmail.com","2017-05-13T22:05:37.927Z","Madisen Kohler"
"Jamarcus.Runolfsson","AbJfT5w0Nnq7qPq","Jamarcus.Runolfsson72@hotmail.com","2017-12-26T23:38:31.775Z","Jamarcus Runolfsson"
"Rosanna.Russel","KhPFC5GHtXUvG6s","Rosanna75@gmail.com","2017-12-10T08:55:11.330Z","Rosanna Russel"
"Mike.Haley12","YOqkJINacqEDVmS","Mike.Haley@hotmail.com","2018-02-05T00:58:42.415Z","Mike Haley"
"Jettie88","KmdSaLb0mhDMYil","Jettie.Beier@yahoo.com","2016-07-21T22:54:40.685Z","Jettie Beier"
"Joyce_Volkman84","pzIm7B2EewIRnr0","Joyce_Volkman76@gmail.com","2017-10-29T16:54:30.186Z","Joyce Volkman"
"Mae38","wF3HslzwC1BDy2x","Mae_Greenfelder@yahoo.com","2018-09-23T16:44:03.039Z","Mae Greenfelder"
"Daphne.Pagac43","SX_NGIC9MFVSQbt","Daphne43@gmail.com","2019-02-28T11:38:51.096Z","Daphne Pagac"
"Ansley.Jacobi13","1HVhIm3CYsoxyN8","Ansley.Jacobi@gmail.com","2017-06-17T07:39:07.482Z","Ansley Jacobi"
"Gracie_Ratke","oklcxXQwA9j53lO","Gracie54@hotmail.com","2018-12-11T08:19:05.752Z","Gracie Ratke"
"Gideon78","_u_5P2x_RF8pJk5","Gideon_Tromp@yahoo.com","2017-08-25T06:20:39.927Z","Gideon Tromp"
"Marquis_Wunsch42","n_qxqiYnoreDNek","Marquis98@gmail.com","2018-08-10T08:11:30.283Z","Marquis Wunsch"
"Dax_Pacocha84","LY_e6WOpogfZGCR","Dax.Pacocha67@yahoo.com","2018-12-23T03:45:31.374Z","Dax Pacocha"
"Tobin.Feil39","lOpzaoULYJgbXuU","Tobin_Feil@hotmail.com","2017-03-09T21:09:22.136Z","Tobin Feil"
"Earlene.Howe","jma9BWL89FXgFxR","Earlene62@gmail.com","2018-07-06T14:27:20.233Z","Earlene Howe"
"Wilfredo_Streich14","8JnZkoY4ucB7kJx","Wilfredo_Streich@hotmail.com","2016-07-27T20:00:19.566Z","Wilfredo Streich"
"Lorine_Buckridge36","HGzLBLJoh6FZI3A","Lorine_Buckridge6@gmail.com","2016-06-12T13:20:30.410Z","Lorine Buckridge"
"Nola.Friesen","L1aQ0reTZKZjRU2","Nola_Friesen81@hotmail.com","2019-01-24T23:10:33.809Z","Nola Friesen"
"Alexis_Kilback","oHV3o_FG8WR49_p","Alexis.Kilback@gmail.com","2017-05-02T11:23:00.519Z","Alexis Kilback"
"Kianna.Macejkovic","ZJMago_sdR8SPxW","Kianna.Macejkovic43@hotmail.com","2018-01-17T00:10:37.430Z","Kianna Macejkovic"
"Calista_Kerluke20","Iaj6xOXExQs8xuI","Calista63@hotmail.com","2018-08-03T23:58:19.277Z","Calista Kerluke"
"Wilburn_Marvin","oDObqnSlqR9l5X1","Wilburn20@yahoo.com","2019-02-20T14:39:14.730Z","Wilburn Marvin"
"Jameson_Gislason","2oZa1aKoKxeWam9","Jameson.Gislason0@hotmail.com","2019-02-08T15:37:56.138Z","Jameson Gislason"
"Helene.Bailey32","yLjF7GRR1GoFoXS","Helene_Bailey49@hotmail.com","2018-04-28T18:11:33.647Z","Helene Bailey"
"Jayce_Dietrich","5xV1uOTiTIR_xCO","Jayce_Dietrich55@yahoo.com","2017-02-14T03:50:31.353Z","Jayce Dietrich"
"Ryley_Pacocha","G8vyHCbvoCwZLYu","Ryley_Pacocha@hotmail.com","2017-02-16T16:27:04.051Z","Ryley Pacocha"
"Chester.Volkman","oztlgsKu9_0jxC6","Chester_Volkman@yahoo.com","2018-02-21T17:50:55.650Z","Chester Volkman"
"Mckenna.Hyatt93","4mKyXFOopQzlPKI","Mckenna_Hyatt96@gmail.com","2016-12-20T12:26:23.616Z","Mckenna Hyatt"
"Watson.Hodkiewicz59","KozDtuvDD7pFXG8","Watson43@gmail.com","2018-04-06T19:29:44.561Z","Watson Hodkiewicz"
"Molly56","Wj3KSs4cR625nqf","Molly_Wuckert@hotmail.com","2017-01-27T09:43:34.163Z","Molly Wuckert"
"Gwendolyn51","NsoL9p0Flfp5BBC","Gwendolyn31@hotmail.com","2018-01-23T23:32:10.433Z","Gwendolyn Smith"
"Jermaine_Kreiger44","WV_tnljhQMbh0bC","Jermaine.Kreiger@gmail.com","2018-01-21T19:44:33.008Z","Jermaine Kreiger"
"Heloise38","O5dSFui5yfxBGXG","Heloise.Prosacco4@gmail.com","2017-10-23T19:37:02.499Z","Heloise Prosacco"
"Daron97","0q0IeRtPlqaXOar","Daron_Gutmann@yahoo.com","2017-10-13T21:00:13.530Z","Daron Gutmann"
"Cooper_Towne38","9mhgUWMWHdv0say","Cooper.Towne54@yahoo.com","2016-08-06T19:55:47.803Z","Cooper Towne"
"Dena_Thiel","pnSL467efZu0ewQ","Dena.Thiel36@hotmail.com","2016-10-13T23:51:14.210Z","Dena Thiel"
"Mae_Mayert82","QLqkdy8MjEXxviz","Mae.Mayert35@hotmail.com","2016-11-24T04:03:11.787Z","Mae Mayert"
"Claudine.Upton","QhEQP1yqkyiz_1V","Claudine49@gmail.com","2018-04-14T04:10:53.183Z","Claudine Upton"
"Cooper74","iZHLeHabrEztQ28","Cooper43@gmail.com","2017-10-09T07:06:08.588Z","Cooper Harvey"
"Emely.Gottlieb","Da7VJUWqgiKx6hX","Emely.Gottlieb@hotmail.com","2018-11-12T05:42:46.464Z","Emely Gottlieb"
"Dexter.Nikolaus","x0_qMEeeA1zARqF","Dexter89@gmail.com","2018-08-01T03:24:47.946Z","Dexter Nikolaus"
"Ashtyn.Ullrich","eUAFb3my30yWEe6","Ashtyn5@gmail.com","2017-01-19T05:35:03.760Z","Ashtyn Ullrich"
"Cooper.Turner","zdpNUBPVfk9pjDc","Cooper.Turner@gmail.com","2016-08-19T20:04:19.941Z","Cooper Turner"